mm;oo;load99k;load9k
0;4.8292;4.79;4.4352
10;4.3373;4.2839;3.8192
20;3.8467;3.7865;3.2801
30;3.3567;3.2964;2.7995
40;2.8676;2.8127;2.3662
50;2.3769;2.331;1.9576
60;1.8863;1.8511;1.5633
70;1.3954;1.372;1.1772
80;0.90359;0.89074;0.78158
90;0.4123;0.40805;0.37063
98;0.020343;0.020186;0.019009
